#,Name,kolombaru,Type 1,Type 2,HP,Attack,Defense,Sp. Atk,Sp. Def,Speed,Generation,Legendary
1,Bulbasaur,98,Grass,Poison,45,49,49,65,65,45,1,False
2,Ivysaur,125,Grass,Poison,60,62,63,80,80,60,1,False
3,Venusaur,165,Grass,Poison,80,82,83,100,100,80,1,False
3,VenusaurMega Venusaur,223,Grass,Poison,80,100,123,122,120,80,1,False
4,Charmander,95,Fire,,39,52,43,60,50,65,1,False
5,Charmeleon,122,Fire,,58,64,58,80,65,80,1,False
6,Charizard,162,Fire,Flying,78,84,78,109,85,100,1,False
6,CharizardMega Charizard X,241,Fire,Dragon,78,130,111,130,85,100,1,False
6,CharizardMega Charizard Y,182,Fire,Flying,78,104,78,159,115,100,1,False
7,Squirtle,113,Water,,44,48,65,50,64,43,1,False
8,Wartortle,143,Water,,59,63,80,65,80,58,1,False
9,Blastoise,183,Water,,79,83,100,85,105,78,1,False
9,BlastoiseMega Blastoise,223,Water,,79,103,120,135,115,78,1,False
10,Caterpie,65,Bug,,45,30,35,20,20,45,1,False
11,Metapod,75,Bug,,50,20,55,25,25,30,1,False
12,Butterfree,95,Bug,Flying,60,45,50,90,80,70,1,False
13,Weedle,65,Bug,Poison,40,35,30,20,20,50,1,False
14,Kakuna,75,Bug,Poison,45,25,50,25,25,35,1,False
15,Beedrill,130,Bug,Poison,65,90,40,45,80,75,1,False
15,BeedrillMega Beedrill,190,Bug,Poison,65,150,40,15,80,145,1,False
16,Pidgey,85,Normal,Flying,40,45,40,35,35,56,1,False
17,Pidgeotto,115,Normal,Flying,63,60,55,50,50,71,1,False
18,Pidgeot,155,Normal,Flying,83,80,75,70,70,101,1,False
18,PidgeotMega Pidgeot,160,Normal,Flying,83,80,80,135,80,121,1,False
19,Rattata,91,Normal,,30,56,35,25,35,72,1,False
20,Raticate,141,Normal,,55,81,60,50,70,97,1,False
21,Spearow,90,Normal,Flying,40,60,30,31,31,70,1,False
22,Fearow,155,Normal,Flying,65,90,65,61,61,100,1,False
23,Ekans,104,Poison,,35,60,44,40,54,55,1,False
24,Arbok,154,Poison,,60,85,69,65,79,80,1,False
25,Pikachu,95,Electric,,35,55,40,50,50,90,1,False
26,Raichu,145,Electric,,60,90,55,90,80,110,1,False
27,Sandshrew,160,Ground,,50,75,85,20,30,40,1,False
28,Sandslash,210,Ground,,75,100,110,45,55,65,1,False
29,Nidoran (Female),99,Poison,,55,47,52,40,40,41,1,False
30,Nidorina,129,Poison,,70,62,67,55,55,56,1,False
31,Nidoqueen,179,Poison,Ground,90,92,87,75,85,76,1,False
32,Nidoran (Male),97,Poison,,46,57,40,40,40,50,1,False
33,Nidorino,129,Poison,,61,72,57,55,55,65,1,False
34,Nidoking,179,Poison,Ground,81,102,77,85,75,85,1,False
35,Clefairy,93,Fairy,,70,45,48,60,65,35,1,False
36,Clefable,143,Fairy,,95,70,73,95,90,60,1,False
37,Vulpix,81,Fire,,38,41,40,50,65,65,1,False
38,Ninetales,151,Fire,,73,76,75,81,100,100,1,False
39,Jigglypuff,65,Normal,Fairy,115,45,20,45,25,20,1,False
40,Wigglytuff,115,Normal,Fairy,140,70,45,85,50,45,1,False
41,Zubat,80,Poison,Flying,40,45,35,30,40,55,1,False
42,Golbat,150,Poison,Flying,75,80,70,65,75,90,1,False
43,Oddish,105,Grass,Poison,45,50,55,75,65,30,1,False
44,Gloom,135,Grass,Poison,60,65,70,85,75,40,1,False
45,Vileplume,165,Grass,Poison,75,80,85,110,90,50,1,False
46,Paras,125,Bug,Grass,35,70,55,45,55,25,1,False
47,Parasect,175,Bug,Grass,60,95,80,60,80,30,1,False
48,Venonat,105,Bug,Poison,60,55,50,40,55,45,1,False
49,Venomoth,125,Bug,Poison,70,65,60,90,75,90,1,False
50,Diglett,80,Ground,,10,55,25,35,45,95,1,False
51,Dugtrio,130,Ground,,35,80,50,50,70,120,1,False
52,Meowth,80,Normal,,40,45,35,40,40,90,1,False
53,Persian,130,Normal,,65,70,60,65,65,115,1,False
54,Psyduck,100,Water,,50,52,48,65,50,55,1,False
55,Golduck,160,Water,,80,82,78,95,80,85,1,False
56,Mankey,115,Fighting,,40,80,35,35,45,70,1,False
57,Primeape,165,Fighting,,65,105,60,60,70,95,1,False
58,Growlithe,115,Fire,,55,70,45,70,50,60,1,False
59,Arcanine,190,Fire,,90,110,80,100,80,95,1,False
60,Poliwag,90,Water,,40,50,40,40,40,90,1,False
61,Poliwhirl,130,Water,,65,65,65,50,50,90,1,False
62,Poliwrath,190,Water,Fighting,90,95,95,70,90,70,1,False
63,Abra,35,Psychic,,25,20,15,105,55,90,1,False
64,Kadabra,65,Psychic,,40,35,30,120,70,105,1,False
65,Alakazam,95,Psychic,,55,50,45,135,95,120,1,False
65,AlakazamMega Alakazam,115,Psychic,,55,50,65,175,95,150,1,False
66,Machop,130,Fighting,,70,80,50,35,35,35,1,False
67,Machoke,170,Fighting,,80,100,70,50,60,45,1,False
68,Machamp,210,Fighting,,90,130,80,65,85,55,1,False
69,Bellsprout,110,Grass,Poison,50,75,35,70,30,40,1,False
70,Weepinbell,140,Grass,Poison,65,90,50,85,45,55,1,False
71,Victreebel,170,Grass,Poison,80,105,65,100,70,70,1,False
72,Tentacool,75,Water,Poison,40,40,35,50,100,70,1,False
73,Tentacruel,135,Water,Poison,80,70,65,80,120,100,1,False
74,Geodude,180,Rock,Ground,40,80,100,30,30,20,1,False
75,Graveler,210,Rock,Ground,55,95,115,45,45,35,1,False
76,Golem,250,Rock,Ground,80,120,130,55,65,45,1,False
77,Ponyta,140,Fire,,50,85,55,65,65,90,1,False
78,Rapidash,170,Fire,,65,100,70,80,80,105,1,False
79,Slowpoke,130,Water,Psychic,90,65,65,40,40,15,1,False
80,Slowbro,185,Water,Psychic,95,75,110,100,80,30,1,False
80,SlowbroMega Slowbro,255,Water,Psychic,95,75,180,130,80,30,1,False
81,Magnemite,105,Electric,Steel,25,35,70,95,55,45,1,False
82,Magneton,155,Electric,Steel,50,60,95,120,70,70,1,False
83,Farfetch'd,120,Normal,Flying,52,65,55,58,62,60,1,False
84,Doduo,130,Normal,Flying,35,85,45,35,35,75,1,False
85,Dodrio,180,Normal,Flying,60,110,70,60,60,100,1,False
86,Seel,100,Water,,65,45,55,45,70,45,1,False
87,Dewgong,150,Water,Ice,90,70,80,70,95,70,1,False
88,Grimer,130,Poison,,80,80,50,40,50,25,1,False
89,Muk,180,Poison,,105,105,75,65,100,50,1,False
90,Shellder,165,Water,,30,65,100,45,25,40,1,False
91,Cloyster,275,Water,Ice,50,95,180,85,45,70,1,False
92,Gastly,65,Ghost,Poison,30,35,30,100,35,80,1,False
93,Haunter,95,Ghost,Poison,45,50,45,115,55,95,1,False
94,Gengar,125,Ghost,Poison,60,65,60,130,75,110,1,False
94,GengarMega Gengar,145,Ghost,Poison,60,65,80,170,95,130,1,False
95,Onix,205,Rock,Ground,35,45,160,30,45,70,1,False
96,Drowzee,93,Psychic,,60,48,45,43,90,42,1,False
97,Hypno,143,Psychic,,85,73,70,73,115,67,1,False
98,Krabby,195,Water,,30,105,90,25,25,50,1,False
99,Kingler,245,Water,,55,130,115,50,50,75,1,False
100,Voltorb,80,Electric,,40,30,50,55,55,100,1,False
101,Electrode,120,Electric,,60,50,70,80,80,140,1,False
102,Exeggcute,120,Grass,Psychic,60,40,80,60,45,40,1,False
103,Exeggutor,180,Grass,Psychic,95,95,85,125,65,55,1,False
104,Cubone,145,Ground,,50,50,95,40,50,35,1,False
105,Marowak,190,Ground,,60,80,110,50,80,45,1,False
106,Hitmonlee,173,Fighting,,50,120,53,35,110,87,1,False
107,Hitmonchan,184,Fighting,,50,105,79,35,110,76,1,False
108,Lickitung,130,Normal,,90,55,75,60,75,30,1,False
109,Koffing,160,Poison,,40,65,95,60,45,35,1,False
110,Weezing,210,Poison,,65,90,120,85,70,60,1,False
111,Rhyhorn,180,Ground,Rock,80,85,95,30,30,25,1,False
112,Rhydon,250,Ground,Rock,105,130,120,45,45,40,1,False
113,Chansey,10,Normal,,250,5,5,35,105,50,1,False
114,Tangela,170,Grass,,65,55,115,100,40,60,1,False
115,Kangaskhan,175,Normal,,105,95,80,40,80,90,1,False
115,KangaskhanMega Kangaskhan,225,Normal,,105,125,100,60,100,100,1,False
116,Horsea,110,Water,,30,40,70,70,25,60,1,False
117,Seadra,160,Water,,55,65,95,95,45,85,1,False
118,Goldeen,127,Water,,45,67,60,35,50,63,1,False
119,Seaking,157,Water,,80,92,65,65,80,68,1,False
120,Staryu,100,Water,,30,45,55,70,55,85,1,False
121,Starmie,160,Water,Psychic,60,75,85,100,85,115,1,False
122,Mr. Mime,110,Psychic,Fairy,40,45,65,100,120,90,1,False
123,Scyther,190,Bug,Flying,70,110,80,55,80,105,1,False
124,Jynx,85,Ice,Psychic,65,50,35,115,95,95,1,False
125,Electabuzz,140,Electric,,65,83,57,95,85,105,1,False
126,Magmar,152,Fire,,65,95,57,100,85,93,1,False
127,Pinsir,225,Bug,,65,125,100,55,70,85,1,False
127,PinsirMega Pinsir,275,Bug,Flying,65,155,120,65,90,105,1,False
128,Tauros,195,Normal,,75,100,95,40,70,110,1,False
129,Magikarp,65,Water,,20,10,55,15,20,80,1,False
130,Gyarados,204,Water,Flying,95,125,79,60,100,81,1,False
130,GyaradosMega Gyarados,264,Water,Dark,95,155,109,70,130,81,1,False
131,Lapras,165,Water,Ice,130,85,80,85,95,60,1,False
132,Ditto,96,Normal,,48,48,48,48,48,48,1,False
133,Eevee,105,Normal,,55,55,50,45,65,55,1,False
134,Vaporeon,125,Water,,130,65,60,110,95,65,1,False
135,Jolteon,125,Electric,,65,65,60,110,95,130,1,False
136,Flareon,190,Fire,,65,130,60,95,110,65,1,False
137,Porygon,130,Normal,,65,60,70,85,75,40,1,False
138,Omanyte,140,Rock,Water,35,40,100,90,55,35,1,False
139,Omastar,185,Rock,Water,70,60,125,115,70,55,1,False
140,Kabuto,170,Rock,Water,30,80,90,55,45,55,1,False
141,Kabutops,220,Rock,Water,60,115,105,65,70,80,1,False
142,Aerodactyl,170,Rock,Flying,80,105,65,60,75,130,1,False
142,AerodactylMega Aerodactyl,220,Rock,Flying,80,135,85,70,95,150,1,False
143,Snorlax,175,Normal,,160,110,65,65,110,30,1,False
144,Articuno,185,Ice,Flying,90,85,100,95,125,85,1,True
145,Zapdos,175,Electric,Flying,90,90,85,125,90,100,1,True
146,Moltres,190,Fire,Flying,90,100,90,125,85,90,1,True
147,Dratini,109,Dragon,,41,64,45,50,50,50,1,False
148,Dragonair,149,Dragon,,61,84,65,70,70,70,1,False
149,Dragonite,229,Dragon,Flying,91,134,95,100,100,80,1,False
150,Mewtwo,200,Psychic,,106,110,90,154,90,130,1,True
150,MewtwoMega Mewtwo X,290,Psychic,Fighting,106,190,100,154,100,130,1,True
150,MewtwoMega Mewtwo Y,220,Psychic,,106,150,70,194,120,140,1,True
151,Mew,200,Psychic,,100,100,100,100,100,100,1,False
152,Chikorita,114,Grass,,45,49,65,49,65,45,2,False
153,Bayleef,142,Grass,,60,62,80,63,80,60,2,False
154,Meganium,182,Grass,,80,82,100,83,100,80,2,False
155,Cyndaquil,95,Fire,,39,52,43,60,50,65,2,False
156,Quilava,122,Fire,,58,64,58,80,65,80,2,False
157,Typhlosion,162,Fire,,78,84,78,109,85,100,2,False
158,Totodile,129,Water,,50,65,64,44,48,43,2,False
159,Croconaw,160,Water,,65,80,80,59,63,58,2,False
160,Feraligatr,205,Water,,85,105,100,79,83,78,2,False
161,Sentret,80,Normal,,35,46,34,35,45,20,2,False
162,Furret,140,Normal,,85,76,64,45,55,90,2,False
163,Hoothoot,60,Normal,Flying,60,30,30,36,56,50,2,False
164,Noctowl,100,Normal,Flying,100,50,50,76,96,70,2,False
165,Ledyba,50,Bug,Flying,40,20,30,40,80,55,2,False
166,Ledian,85,Bug,Flying,55,35,50,55,110,85,2,False
167,Spinarak,100,Bug,Poison,40,60,40,40,40,30,2,False
168,Ariados,160,Bug,Poison,70,90,70,60,60,40,2,False
169,Crobat,170,Poison,Flying,85,90,80,70,80,130,2,False
170,Chinchou,76,Water,Electric,75,38,38,56,56,67,2,False
171,Lanturn,116,Water,Electric,125,58,58,76,76,67,2,False
172,Pichu,55,Electric,,20,40,15,35,35,60,2,False
173,Cleffa,53,Fairy,,50,25,28,45,55,15,2,False
174,Igglybuff,45,Normal,Fairy,90,30,15,40,20,15,2,False
175,Togepi,85,Fairy,,35,20,65,40,65,20,2,False
176,Togetic,125,Fairy,Flying,55,40,85,80,105,40,2,False
177,Natu,95,Psychic,Flying,40,50,45,70,45,70,2,False
178,Xatu,145,Psychic,Flying,65,75,70,95,70,95,2,False
179,Mareep,80,Electric,,55,40,40,65,45,35,2,False
180,Flaaffy,110,Electric,,70,55,55,80,60,45,2,False
181,Ampharos,160,Electric,,90,75,85,115,90,55,2,False
181,AmpharosMega Ampharos,200,Electric,Dragon,90,95,105,165,110,45,2,False
182,Bellossom,175,Grass,,75,80,95,90,100,50,2,False
183,Marill,70,Water,Fairy,70,20,50,20,50,40,2,False
184,Azumarill,130,Water,Fairy,100,50,80,60,80,50,2,False
185,Sudowoodo,215,Rock,,70,100,115,30,65,30,2,False
186,Politoed,150,Water,,90,75,75,90,100,70,2,False
187,Hoppip,75,Grass,Flying,35,35,40,35,55,50,2,False
188,Skiploom,95,Grass,Flying,55,45,50,45,65,80,2,False
189,Jumpluff,125,Grass,Flying,75,55,70,55,95,110,2,False
190,Aipom,125,Normal,,55,70,55,40,55,85,2,False
191,Sunkern,60,Grass,,30,30,30,30,30,30,2,False
192,Sunflora,130,Grass,,75,75,55,105,85,30,2,False
193,Yanma,110,Bug,Flying,65,65,45,75,45,95,2,False
194,Wooper,90,Water,Ground,55,45,45,25,25,15,2,False
195,Quagsire,170,Water,Ground,95,85,85,65,65,35,2,False
196,Espeon,125,Psychic,,65,65,60,130,95,110,2,False
197,Umbreon,175,Dark,,95,65,110,60,130,65,2,False
198,Murkrow,127,Dark,Flying,60,85,42,85,42,91,2,False
199,Slowking,155,Water,Psychic,95,75,80,100,110,30,2,False
200,Misdreavus,120,Ghost,,60,60,60,85,85,85,2,False
201,Unown,120,Psychic,,48,72,48,72,48,48,2,False
202,Wobbuffet,91,Psychic,,190,33,58,33,58,33,2,False
203,Girafarig,145,Normal,Psychic,70,80,65,90,65,85,2,False
204,Pineco,155,Bug,,50,65,90,35,35,15,2,False
205,Forretress,230,Bug,Steel,75,90,140,60,60,40,2,False
206,Dunsparce,140,Normal,,100,70,70,65,65,45,2,False
207,Gligar,180,Ground,Flying,65,75,105,35,65,85,2,False
208,Steelix,285,Steel,Ground,75,85,200,55,65,30,2,False
208,SteelixMega Steelix,355,Steel,Ground,75,125,230,55,95,30,2,False
209,Snubbull,130,Fairy,,60,80,50,40,40,30,2,False
210,Granbull,195,Fairy,,90,120,75,60,60,45,2,False
211,Qwilfish,170,Water,Poison,65,95,75,55,55,85,2,False
212,Scizor,230,Bug,Steel,70,130,100,55,80,65,2,False
212,ScizorMega Scizor,290,Bug,Steel,70,150,140,65,100,75,2,False
213,Shuckle,240,Bug,Rock,20,10,230,10,230,5,2,False
214,Heracross,200,Bug,Fighting,80,125,75,40,95,85,2,False
214,HeracrossMega Heracross,300,Bug,Fighting,80,185,115,40,105,75,2,False
215,Sneasel,150,Dark,Ice,55,95,55,35,75,115,2,False
216,Teddiursa,130,Normal,,60,80,50,50,50,40,2,False
217,Ursaring,205,Normal,,90,130,75,75,75,55,2,False
218,Slugma,80,Fire,,40,40,40,70,40,20,2,False
219,Magcargo,170,Fire,Rock,50,50,120,80,80,30,2,False
220,Swinub,90,Ice,Ground,50,50,40,30,30,50,2,False
221,Piloswine,180,Ice,Ground,100,100,80,60,60,50,2,False
222,Corsola,140,Water,Rock,55,55,85,65,85,35,2,False
223,Remoraid,100,Water,,35,65,35,65,35,65,2,False
224,Octillery,180,Water,,75,105,75,105,75,45,2,False
225,Delibird,100,Ice,Flying,45,55,45,65,45,75,2,False
226,Mantine,110,Water,Flying,65,40,70,80,140,70,2,False
227,Skarmory,220,Steel,Flying,65,80,140,40,70,70,2,False
228,Houndour,90,Dark,Fire,45,60,30,80,50,65,2,False
229,Houndoom,140,Dark,Fire,75,90,50,110,80,95,2,False
229,HoundoomMega Houndoom,180,Dark,Fire,75,90,90,140,90,115,2,False
230,Kingdra,190,Water,Dragon,75,95,95,95,95,85,2,False
231,Phanpy,120,Ground,,90,60,60,40,40,40,2,False
232,Donphan,240,Ground,,90,120,120,60,60,50,2,False
233,Porygon2,170,Normal,,85,80,90,105,95,60,2,False
234,Stantler,157,Normal,,73,95,62,85,65,85,2,False
235,Smeargle,55,Normal,,55,20,35,20,45,75,2,False
236,Tyrogue,70,Fighting,,35,35,35,35,35,35,2,False
237,Hitmontop,190,Fighting,,50,95,95,35,110,70,2,False
238,Smoochum,45,Ice,Psychic,45,30,15,85,65,65,2,False
239,Elekid,100,Electric,,45,63,37,65,55,95,2,False
240,Magby,112,Fire,,45,75,37,70,55,83,2,False
241,Miltank,185,Normal,,95,80,105,40,70,100,2,False
242,Blissey,20,Normal,,255,10,10,75,135,55,2,False
243,Raikou,160,Electric,,90,85,75,115,100,115,2,True
244,Entei,200,Fire,,115,115,85,90,75,100,2,True
245,Suicune,190,Water,,100,75,115,90,115,85,2,True
246,Larvitar,114,Rock,Ground,50,64,50,45,50,41,2,False
247,Pupitar,154,Rock,Ground,70,84,70,65,70,51,2,False
248,Tyranitar,244,Rock,Dark,100,134,110,95,100,61,2,False
248,TyranitarMega Tyranitar,314,Rock,Dark,100,164,150,95,120,71,2,False
249,Lugia,220,Psychic,Flying,106,90,130,90,154,110,2,True
250,Ho-oh,220,Fire,Flying,106,130,90,110,154,90,2,True
251,Celebi,200,Psychic,Grass,100,100,100,100,100,100,2,False
252,Treecko,80,Grass,,40,45,35,65,55,70,3,False
253,Grovyle,110,Grass,,50,65,45,85,65,95,3,False
254,Sceptile,150,Grass,,70,85,65,105,85,120,3,False
254,SceptileMega Sceptile,185,Grass,Dragon,70,110,75,145,85,145,3,False
255,Torchic,100,Fire,,45,60,40,70,50,45,3,False
256,Combusken,145,Fire,Fighting,60,85,60,85,60,55,3,False
257,Blaziken,190,Fire,Fighting,80,120,70,110,70,80,3,False
257,BlazikenMega Blaziken,240,Fire,Fighting,80,160,80,130,80,100,3,False
258,Mudkip,120,Water,,50,70,50,50,50,40,3,False
259,Marshtomp,155,Water,Ground,70,85,70,60,70,50,3,False
260,Swampert,200,Water,Ground,100,110,90,85,90,60,3,False
260,SwampertMega Swampert,260,Water,Ground,100,150,110,95,110,70,3,False
261,Poochyena,90,Dark,,35,55,35,30,30,35,3,False
262,Mightyena,160,Dark,,70,90,70,60,60,70,3,False
263,Zigzagoon,71,Normal,,38,30,41,30,41,60,3,False
264,Linoone,131,Normal,,78,70,61,50,61,100,3,False
265,Wurmple,80,Bug,,45,45,35,20,30,20,3,False
266,Silcoon,90,Bug,,50,35,55,25,25,15,3,False
267,Beautifly,120,Bug,Flying,60,70,50,100,50,65,3,False
268,Cascoon,90,Bug,,50,35,55,25,25,15,3,False
269,Dustox,120,Bug,Poison,60,50,70,50,90,65,3,False
270,Lotad,60,Water,Grass,40,30,30,40,50,30,3,False
271,Lombre,100,Water,Grass,60,50,50,60,70,50,3,False
272,Ludicolo,140,Water,Grass,80,70,70,90,100,70,3,False
273,Seedot,90,Grass,,40,40,50,30,30,30,3,False
274,Nuzleaf,110,Grass,Dark,70,70,40,60,40,60,3,False
275,Shiftry,160,Grass,Dark,90,100,60,90,60,80,3,False
276,Taillow,85,Normal,Flying,40,55,30,30,30,85,3,False
277,Swellow,145,Normal,Flying,60,85,60,50,50,125,3,False
278,Wingull,60,Water,Flying,40,30,30,55,30,85,3,False
279,Pelipper,150,Water,Flying,60,50,100,85,70,65,3,False
280,Ralts,50,Psychic,Fairy,28,25,25,45,35,40,3,False
281,Kirlia,70,Psychic,Fairy,38,35,35,65,55,50,3,False
282,Gardevoir,130,Psychic,Fairy,68,65,65,125,115,80,3,False
282,GardevoirMega Gardevoir,150,Psychic,Fairy,68,85,65,165,135,100,3,False
283,Surskit,62,Bug,Water,40,30,32,50,52,65,3,False
284,Masquerain,122,Bug,Flying,70,60,62,80,82,60,3,False
285,Shroomish,100,Grass,,60,40,60,40,60,35,3,False
286,Breloom,210,Grass,Fighting,60,130,80,60,60,70,3,False
287,Slakoth,120,Normal,,60,60,60,35,35,30,3,False
288,Vigoroth,160,Normal,,80,80,80,55,55,90,3,False
289,Slaking,260,Normal,,150,160,100,95,65,100,3,False
290,Nincada,135,Bug,Ground,31,45,90,30,30,40,3,False
291,Ninjask,135,Bug,Flying,61,90,45,50,50,160,3,False
292,Shedinja,135,Bug,Ghost,1,90,45,30,30,40,3,False
293,Whismur,74,Normal,,64,51,23,51,23,28,3,False
294,Loudred,114,Normal,,84,71,43,71,43,48,3,False
295,Exploud,154,Normal,,104,91,63,91,73,68,3,False
296,Makuhita,90,Fighting,,72,60,30,20,30,25,3,False
297,Hariyama,180,Fighting,,144,120,60,40,60,50,3,False
298,Azurill,60,Normal,Fairy,50,20,40,20,40,20,3,False
299,Nosepass,180,Rock,,30,45,135,45,90,30,3,False
300,Skitty,90,Normal,,50,45,45,35,35,50,3,False
301,Delcatty,130,Normal,,70,65,65,55,55,70,3,False
302,Sableye,150,Dark,Ghost,50,75,75,65,65,50,3,False
302,SableyeMega Sableye,210,Dark,Ghost,50,85,125,85,115,20,3,False
303,Mawile,170,Steel,Fairy,50,85,85,55,55,50,3,False
303,MawileMega Mawile,230,Steel,Fairy,50,105,125,55,95,50,3,False
304,Aron,170,Steel,Rock,50,70,100,40,40,30,3,False
305,Lairon,230,Steel,Rock,60,90,140,50,50,40,3,False
306,Aggron,290,Steel,Rock,70,110,180,60,60,50,3,False
306,AggronMega Aggron,370,Steel,,70,140,230,60,80,50,3,False
307,Meditite,95,Fighting,Psychic,30,40,55,40,55,60,3,False
308,Medicham,135,Fighting,Psychic,60,60,75,60,75,80,3,False
308,MedichamMega Medicham,185,Fighting,Psychic,60,100,85,80,85,100,3,False
309,Electrike,85,Electric,,40,45,40,65,40,65,3,False
310,Manectric,135,Electric,,70,75,60,105,60,105,3,False
310,ManectricMega Manectric,155,Electric,,70,75,80,135,80,135,3,False
311,Plusle,90,Electric,,60,50,40,85,75,95,3,False
312,Minun,90,Electric,,60,40,50,75,85,95,3,False
313,Volbeat,128,Bug,,65,73,55,47,75,85,3,False
314,Illumise,102,Bug,,65,47,55,73,75,85,3,False
315,Roselia,105,Grass,Poison,50,60,45,100,80,65,3,False
316,Gulpin,96,Poison,,70,43,53,43,53,40,3,False
317,Swalot,156,Poison,,100,73,83,73,83,55,3,False
318,Carvanha,110,Water,Dark,45,90,20,65,20,65,3,False
319,Sharpedo,160,Water,Dark,70,120,40,95,40,95,3,False
319,SharpedoMega Sharpedo,210,Water,Dark,70,140,70,110,65,105,3,False
320,Wailmer,105,Water,,130,70,35,70,35,60,3,False
321,Wailord,135,Water,,170,90,45,90,45,60,3,False
322,Numel,100,Fire,Ground,60,60,40,65,45,35,3,False
323,Camerupt,170,Fire,Ground,70,100,70,105,75,40,3,False
323,CameruptMega Camerupt,220,Fire,Ground,70,120,100,145,105,20,3,False
324,Torkoal,225,Fire,,70,85,140,85,70,20,3,False
325,Spoink,60,Psychic,,60,25,35,70,80,60,3,False
326,Grumpig,110,Psychic,,80,45,65,90,110,80,3,False
327,Spinda,120,Normal,,60,60,60,60,60,60,3,False
328,Trapinch,145,Ground,,45,100,45,45,45,10,3,False
329,Vibrava,120,Ground,Dragon,50,70,50,50,50,70,3,False
330,Flygon,180,Ground,Dragon,80,100,80,80,80,100,3,False
331,Cacnea,125,Grass,,50,85,40,85,40,35,3,False
332,Cacturne,175,Grass,Dark,70,115,60,115,60,55,3,False
333,Swablu,100,Normal,Flying,45,40,60,40,75,50,3,False
334,Altaria,160,Dragon,Flying,75,70,90,70,105,80,3,False
334,AltariaMega Altaria,220,Dragon,Fairy,75,110,110,110,105,80,3,False
335,Zangoose,175,Normal,,73,115,60,60,60,90,3,False
336,Seviper,160,Poison,,73,100,60,100,60,65,3,False
337,Lunatone,120,Rock,Psychic,70,55,65,95,85,70,3,False
338,Solrock,180,Rock,Psychic,70,95,85,55,65,70,3,False
339,Barboach,91,Water,Ground,50,48,43,46,41,60,3,False
340,Whiscash,151,Water,Ground,110,78,73,76,71,60,3,False
341,Corphish,145,Water,,43,80,65,50,35,35,3,False
342,Crawdaunt,205,Water,Dark,63,120,85,90,55,55,3,False
343,Baltoy,95,Ground,Psychic,40,40,55,40,70,55,3,False
344,Claydol,175,Ground,Psychic,60,70,105,70,120,75,3,False
345,Lileep,118,Rock,Grass,66,41,77,61,87,23,3,False
346,Cradily,178,Rock,Grass,86,81,97,81,107,43,3,False
347,Anorith,145,Rock,Bug,45,95,50,40,50,75,3,False
348,Armaldo,225,Rock,Bug,75,125,100,70,80,45,3,False
349,Feebas,35,Water,,20,15,20,10,55,80,3,False
350,Milotic,139,Water,,95,60,79,100,125,81,3,False
351,Castform,140,Normal,,70,70,70,70,70,70,3,False
352,Kecleon,160,Normal,,60,90,70,60,120,40,3,False
353,Shuppet,110,Ghost,,44,75,35,63,33,45,3,False
354,Banette,180,Ghost,,64,115,65,83,63,65,3,False
354,BanetteMega Banette,240,Ghost,,64,165,75,93,83,75,3,False
355,Duskull,130,Ghost,,20,40,90,30,90,25,3,False
356,Dusclops,200,Ghost,,40,70,130,60,130,25,3,False
357,Tropius,151,Grass,Flying,99,68,83,72,87,51,3,False
358,Chimecho,120,Psychic,,65,50,70,95,80,65,3,False
359,Absol,190,Dark,,65,130,60,75,60,75,3,False
359,AbsolMega Absol,210,Dark,,65,150,60,115,60,115,3,False
360,Wynaut,71,Psychic,,95,23,48,23,48,23,3,False
361,Snorunt,100,Ice,,50,50,50,50,50,50,3,False
362,Glalie,160,Ice,,80,80,80,80,80,80,3,False
362,GlalieMega Glalie,200,Ice,,80,120,80,120,80,100,3,False
363,Spheal,90,Ice,Water,70,40,50,55,50,25,3,False
364,Sealeo,130,Ice,Water,90,60,70,75,70,45,3,False
365,Walrein,170,Ice,Water,110,80,90,95,90,65,3,False
366,Clamperl,149,Water,,35,64,85,74,55,32,3,False
367,Huntail,209,Water,,55,104,105,94,75,52,3,False
368,Gorebyss,189,Water,,55,84,105,114,75,52,3,False
369,Relicanth,220,Water,Rock,100,90,130,45,65,55,3,False
370,Luvdisc,85,Water,,43,30,55,40,65,97,3,False
371,Bagon,135,Dragon,,45,75,60,40,30,50,3,False
372,Shelgon,195,Dragon,,65,95,100,60,50,50,3,False
373,Salamence,215,Dragon,Flying,95,135,80,110,80,100,3,False
373,SalamenceMega Salamence,275,Dragon,Flying,95,145,130,120,90,120,3,False
374,Beldum,135,Steel,Psychic,40,55,80,35,60,30,3,False
375,Metang,175,Steel,Psychic,60,75,100,55,80,50,3,False
376,Metagross,265,Steel,Psychic,80,135,130,95,90,70,3,False
376,MetagrossMega Metagross,295,Steel,Psychic,80,145,150,105,110,110,3,False
377,Regirock,300,Rock,,80,100,200,50,100,50,3,True
378,Regice,150,Ice,,80,50,100,100,200,50,3,True
379,Registeel,225,Steel,,80,75,150,75,150,50,3,True
380,Latias,170,Dragon,Psychic,80,80,90,110,130,110,3,True
380,LatiasMega Latias,220,Dragon,Psychic,80,100,120,140,150,110,3,True
381,Latios,170,Dragon,Psychic,80,90,80,130,110,110,3,True
381,LatiosMega Latios,230,Dragon,Psychic,80,130,100,160,120,110,3,True
382,Kyogre,190,Water,,100,100,90,150,140,90,3,True
382,KyogrePrimal Kyogre,240,Water,,100,150,90,180,160,90,3,True
383,Groudon,290,Ground,,100,150,140,100,90,90,3,True
383,GroudonPrimal Groudon,340,Ground,Fire,100,180,160,150,90,90,3,True
384,Rayquaza,240,Dragon,Flying,105,150,90,150,90,95,3,True
384,RayquazaMega Rayquaza,280,Dragon,Flying,105,180,100,180,100,115,3,True
385,Jirachi,200,Steel,Psychic,100,100,100,100,100,100,3,True
386,DeoxysNormal Forme,200,Psychic,,50,150,50,150,50,150,3,True
386,DeoxysAttack Forme,200,Psychic,,50,180,20,180,20,150,3,True
386,DeoxysDefense Forme,230,Psychic,,50,70,160,70,160,90,3,True
386,DeoxysSpeed Forme,185,Psychic,,50,95,90,95,90,180,3,True
387,Turtwig,132,Grass,,55,68,64,45,55,31,4,False
388,Grotle,174,Grass,,75,89,85,55,65,36,4,False
389,Torterra,214,Grass,Ground,95,109,105,75,85,56,4,False
390,Chimchar,102,Fire,,44,58,44,58,44,61,4,False
391,Monferno,130,Fire,Fighting,64,78,52,78,52,81,4,False
392,Infernape,175,Fire,Fighting,76,104,71,104,71,108,4,False
393,Piplup,104,Water,,53,51,53,61,56,40,4,False
394,Prinplup,134,Water,,64,66,68,81,76,50,4,False
395,Empoleon,174,Water,Steel,84,86,88,111,101,60,4,False
396,Starly,85,Normal,Flying,40,55,30,30,30,60,4,False
397,Staravia,125,Normal,Flying,55,75,50,40,40,80,4,False
398,Staraptor,190,Normal,Flying,85,120,70,50,60,100,4,False
399,Bidoof,85,Normal,,59,45,40,35,40,31,4,False
400,Bibarel,145,Normal,Water,79,85,60,55,60,71,4,False
401,Kricketot,66,Bug,,37,25,41,25,41,25,4,False
402,Kricketune,136,Bug,,77,85,51,55,51,65,4,False
403,Shinx,99,Electric,,45,65,34,40,34,45,4,False
404,Luxio,134,Electric,,60,85,49,60,49,60,4,False
405,Luxray,199,Electric,,80,120,79,95,79,70,4,False
406,Budew,65,Grass,Poison,40,30,35,50,70,55,4,False
407,Roserade,135,Grass,Poison,60,70,65,125,105,90,4,False
408,Cranidos,165,Rock,,67,125,40,30,30,58,4,False
409,Rampardos,225,Rock,,97,165,60,65,50,58,4,False
410,Shieldon,160,Rock,Steel,30,42,118,42,88,30,4,False
411,Bastiodon,220,Rock,Steel,60,52,168,47,138,30,4,False
412,Burmy,74,Bug,,40,29,45,29,45,36,4,False
413,WormadamPlant Cloak,144,Bug,Grass,60,59,85,79,105,36,4,False
413,WormadamSandy Cloak,184,Bug,Ground,60,79,105,59,85,36,4,False
413,WormadamTrash Cloak,164,Bug,Steel,60,69,95,69,95,36,4,False
414,Mothim,144,Bug,Flying,70,94,50,94,50,66,4,False
415,Combee,72,Bug,Flying,30,30,42,30,42,70,4,False
416,Vespiquen,182,Bug,Flying,70,80,102,80,102,40,4,False
417,Pachirisu,115,Electric,,60,45,70,45,90,95,4,False
418,Buizel,100,Water,,55,65,35,60,30,85,4,False
419,Floatzel,160,Water,,85,105,55,85,50,115,4,False
420,Cherubi,80,Grass,,45,35,45,62,53,35,4,False
421,Cherrim,130,Grass,,70,60,70,87,78,85,4,False
422,Shellos,96,Water,,76,48,48,57,62,34,4,False
423,Gastrodon,151,Water,Ground,111,83,68,92,82,39,4,False
424,Ambipom,166,Normal,,75,100,66,60,66,115,4,False
425,Drifloon,84,Ghost,Flying,90,50,34,60,44,70,4,False
426,Drifblim,124,Ghost,Flying,150,80,44,90,54,80,4,False
427,Buneary,110,Normal,,55,66,44,44,56,85,4,False
428,Lopunny,160,Normal,,65,76,84,54,96,105,4,False
428,LopunnyMega Lopunny,230,Normal,Fighting,65,136,94,54,96,135,4,False
429,Mismagius,120,Ghost,,60,60,60,105,105,105,4,False
430,Honchkrow,177,Dark,Flying,100,125,52,105,52,71,4,False
431,Glameow,97,Normal,,49,55,42,42,37,85,4,False
432,Purugly,146,Normal,,71,82,64,64,59,112,4,False
433,Chingling,80,Psychic,,45,30,50,65,50,45,4,False
434,Stunky,110,Poison,Dark,63,63,47,41,41,74,4,False
435,Skuntank,160,Poison,Dark,103,93,67,71,61,84,4,False
436,Bronzor,110,Steel,Psychic,57,24,86,24,86,23,4,False
437,Bronzong,205,Steel,Psychic,67,89,116,79,116,33,4,False
438,Bonsly,175,Rock,,50,80,95,10,45,10,4,False
439,Mime Jr.,70,Psychic,Fairy,20,25,45,70,90,60,4,False
440,Happiny,10,Normal,,100,5,5,15,65,30,4,False
441,Chatot,110,Normal,Flying,76,65,45,92,42,91,4,False
442,Spiritomb,200,Ghost,Dark,50,92,108,92,108,35,4,False
443,Gible,115,Dragon,Ground,58,70,45,40,45,42,4,False
444,Gabite,155,Dragon,Ground,68,90,65,50,55,82,4,False
445,Garchomp,225,Dragon,Ground,108,130,95,80,85,102,4,False
445,GarchompMega Garchomp,285,Dragon,Ground,108,170,115,120,95,92,4,False
446,Munchlax,125,Normal,,135,85,40,40,85,5,4,False
447,Riolu,110,Fighting,,40,70,40,35,40,60,4,False
448,Lucario,180,Fighting,Steel,70,110,70,115,70,90,4,False
448,LucarioMega Lucario,233,Fighting,Steel,70,145,88,140,70,112,4,False
449,Hippopotas,150,Ground,,68,72,78,38,42,32,4,False
450,Hippowdon,230,Ground,,108,112,118,68,72,47,4,False
451,Skorupi,140,Poison,Bug,40,50,90,30,55,65,4,False
452,Drapion,200,Poison,Dark,70,90,110,60,75,95,4,False
453,Croagunk,101,Poison,Fighting,48,61,40,61,40,50,4,False
454,Toxicroak,171,Poison,Fighting,83,106,65,86,65,85,4,False
455,Carnivine,172,Grass,,74,100,72,90,72,46,4,False
456,Finneon,105,Water,,49,49,56,49,61,66,4,False
457,Lumineon,145,Water,,69,69,76,69,86,91,4,False
458,Mantyke,70,Water,Flying,45,20,50,60,120,50,4,False
459,Snover,112,Grass,Ice,60,62,50,62,60,40,4,False
460,Abomasnow,167,Grass,Ice,90,92,75,92,85,60,4,False
460,AbomasnowMega Abomasnow,237,Grass,Ice,90,132,105,132,105,30,4,False
461,Weavile,185,Dark,Ice,70,120,65,45,85,125,4,False
462,Magnezone,185,Electric,Steel,70,70,115,130,90,60,4,False
463,Lickilicky,180,Normal,,110,85,95,80,95,50,4,False
464,Rhyperior,270,Ground,Rock,115,140,130,55,55,40,4,False
465,Tangrowth,225,Grass,,100,100,125,110,50,50,4,False
466,Electivire,190,Electric,,75,123,67,95,85,95,4,False
467,Magmortar,162,Fire,,75,95,67,125,95,83,4,False
468,Togekiss,145,Fairy,Flying,85,50,95,120,115,80,4,False
469,Yanmega,162,Bug,Flying,86,76,86,116,56,95,4,False
470,Leafeon,240,Grass,,65,110,130,60,65,95,4,False
471,Glaceon,170,Ice,,65,60,110,130,95,65,4,False
472,Gliscor,220,Ground,Flying,75,95,125,45,75,95,4,False
473,Mamoswine,210,Ice,Ground,110,130,80,70,60,80,4,False
474,Porygon-Z,150,Normal,,85,80,70,135,75,90,4,False
475,Gallade,190,Psychic,Fighting,68,125,65,65,115,80,4,False
475,GalladeMega Gallade,260,Psychic,Fighting,68,165,95,65,115,110,4,False
476,Probopass,200,Rock,Steel,60,55,145,75,150,40,4,False
477,Dusknoir,235,Ghost,,45,100,135,65,135,45,4,False
478,Froslass,150,Ice,Ghost,70,80,70,80,70,110,4,False
479,Rotom,127,Electric,Ghost,50,50,77,95,77,91,4,False
479,RotomHeat Rotom,172,Electric,Fire,50,65,107,105,107,86,4,False
479,RotomWash Rotom,172,Electric,Water,50,65,107,105,107,86,4,False
479,RotomFrost Rotom,172,Electric,Ice,50,65,107,105,107,86,4,False
479,RotomFan Rotom,172,Electric,Flying,50,65,107,105,107,86,4,False
479,RotomMow Rotom,172,Electric,Grass,50,65,107,105,107,86,4,False
480,Uxie,205,Psychic,,75,75,130,75,130,95,4,True
481,Mesprit,210,Psychic,,80,105,105,105,105,80,4,True
482,Azelf,195,Psychic,,75,125,70,125,70,115,4,True
483,Dialga,240,Steel,Dragon,100,120,120,150,100,90,4,True
484,Palkia,220,Water,Dragon,90,120,100,150,120,100,4,True
485,Heatran,196,Fire,Steel,91,90,106,130,106,77,4,True
486,Regigigas,270,Normal,,110,160,110,80,110,100,4,True
487,GiratinaAltered Forme,220,Ghost,Dragon,150,100,120,100,120,90,4,True
487,GiratinaOrigin Forme,220,Ghost,Dragon,150,120,100,120,100,90,4,True
488,Cresselia,190,Psychic,,120,70,120,75,130,85,4,False
489,Phione,160,Water,,80,80,80,80,80,80,4,False
490,Manaphy,200,Water,,100,100,100,100,100,100,4,False
491,Darkrai,180,Dark,,70,90,90,135,90,125,4,True
492,ShayminLand Forme,200,Grass,,100,100,100,100,100,100,4,True
492,ShayminSky Forme,178,Grass,Flying,100,103,75,120,75,127,4,True
493,Arceus,240,Normal,,120,120,120,120,120,120,4,True
494,Victini,200,Psychic,Fire,100,100,100,100,100,100,5,True
495,Snivy,100,Grass,,45,45,55,45,55,63,5,False
496,Servine,135,Grass,,60,60,75,60,75,83,5,False
497,Serperior,170,Grass,,75,75,95,75,95,113,5,False
498,Tepig,108,Fire,,65,63,45,45,45,45,5,False
499,Pignite,148,Fire,Fighting,90,93,55,70,55,55,5,False
500,Emboar,188,Fire,Fighting,110,123,65,100,65,65,5,False
501,Oshawott,100,Water,,55,55,45,63,45,45,5,False
502,Dewott,135,Water,,75,75,60,83,60,60,5,False
503,Samurott,185,Water,,95,100,85,108,70,70,5,False
504,Patrat,94,Normal,,45,55,39,35,39,42,5,False
505,Watchog,154,Normal,,60,85,69,60,69,77,5,False
506,Lillipup,105,Normal,,45,60,45,25,45,55,5,False
507,Herdier,145,Normal,,65,80,65,35,65,60,5,False
508,Stoutland,200,Normal,,85,110,90,45,90,80,5,False
509,Purrloin,87,Dark,,41,50,37,50,37,66,5,False
510,Liepard,138,Dark,,64,88,50,88,50,106,5,False
511,Pansage,101,Grass,,50,53,48,53,48,64,5,False
512,Simisage,161,Grass,,75,98,63,98,63,101,5,False
513,Pansear,101,Fire,,50,53,48,53,48,64,5,False
514,Simisear,161,Fire,,75,98,63,98,63,101,5,False
515,Panpour,101,Water,,50,53,48,53,48,64,5,False
516,Simipour,161,Water,,75,98,63,98,63,101,5,False
517,Munna,70,Psychic,,76,25,45,67,55,24,5,False
518,Musharna,140,Psychic,,116,55,85,107,95,29,5,False
519,Pidove,105,Normal,Flying,50,55,50,36,30,43,5,False
520,Tranquill,139,Normal,Flying,62,77,62,50,42,65,5,False
521,Unfezant,195,Normal,Flying,80,115,80,65,55,93,5,False
522,Blitzle,92,Electric,,45,60,32,50,32,76,5,False
523,Zebstrika,163,Electric,,75,100,63,80,63,116,5,False
524,Roggenrola,160,Rock,,55,75,85,25,25,15,5,False
525,Boldore,210,Rock,,70,105,105,50,40,20,5,False
526,Gigalith,265,Rock,,85,135,130,60,80,25,5,False
527,Woobat,88,Psychic,Flying,55,45,43,55,43,72,5,False
528,Swoobat,112,Psychic,Flying,67,57,55,77,55,114,5,False
529,Drilbur,125,Ground,,60,85,40,30,45,68,5,False
530,Excadrill,195,Ground,Steel,110,135,60,50,65,88,5,False
531,Audino,146,Normal,,103,60,86,60,86,50,5,False
531,AudinoMega Audino,186,Normal,Fairy,103,60,126,80,126,50,5,False
532,Timburr,135,Fighting,,75,80,55,25,35,35,5,False
533,Gurdurr,190,Fighting,,85,105,85,40,50,40,5,False
534,Conkeldurr,235,Fighting,,105,140,95,55,65,45,5,False
535,Tympole,90,Water,,50,50,40,50,40,64,5,False
536,Palpitoad,120,Water,Ground,75,65,55,65,55,69,5,False
537,Seismitoad,170,Water,Ground,105,95,75,85,75,74,5,False
538,Throh,185,Fighting,,120,100,85,30,85,45,5,False
539,Sawk,200,Fighting,,75,125,75,30,75,85,5,False
540,Sewaddle,123,Bug,Grass,45,53,70,40,60,42,5,False
541,Swadloon,153,Bug,Grass,55,63,90,50,80,42,5,False
542,Leavanny,183,Bug,Grass,75,103,80,70,80,92,5,False
543,Venipede,104,Bug,Poison,30,45,59,30,39,57,5,False
544,Whirlipede,154,Bug,Poison,40,55,99,40,79,47,5,False
545,Scolipede,189,Bug,Poison,60,100,89,55,69,112,5,False
546,Cottonee,87,Grass,Fairy,40,27,60,37,50,66,5,False
547,Whimsicott,152,Grass,Fairy,60,67,85,77,75,116,5,False
548,Petilil,85,Grass,,45,35,50,70,50,30,5,False
549,Lilligant,135,Grass,,70,60,75,110,75,90,5,False
550,Basculin,157,Water,,70,92,65,80,55,98,5,False
551,Sandile,107,Ground,Dark,50,72,35,35,35,65,5,False
552,Krokorok,127,Ground,Dark,60,82,45,45,45,74,5,False
553,Krookodile,197,Ground,Dark,95,117,80,65,70,92,5,False
554,Darumaka,135,Fire,,70,90,45,15,45,50,5,False
555,DarmanitanStandard Mode,195,Fire,,105,140,55,30,55,95,5,False
555,DarmanitanZen Mode,135,Fire,Psychic,105,30,105,140,105,55,5,False
556,Maractus,153,Grass,,75,86,67,106,67,60,5,False
557,Dwebble,150,Bug,Rock,50,65,85,35,35,55,5,False
558,Crustle,220,Bug,Rock,70,95,125,65,75,45,5,False
559,Scraggy,145,Dark,Fighting,50,75,70,35,70,48,5,False
560,Scrafty,205,Dark,Fighting,65,90,115,45,115,58,5,False
561,Sigilyph,138,Psychic,Flying,72,58,80,103,80,97,5,False
562,Yamask,115,Ghost,,38,30,85,55,65,30,5,False
563,Cofagrigus,195,Ghost,,58,50,145,95,105,30,5,False
564,Tirtouga,181,Water,Rock,54,78,103,53,45,22,5,False
565,Carracosta,241,Water,Rock,74,108,133,83,65,32,5,False
566,Archen,157,Rock,Flying,55,112,45,74,45,70,5,False
567,Archeops,205,Rock,Flying,75,140,65,112,65,110,5,False
568,Trubbish,112,Poison,,50,50,62,40,62,65,5,False
569,Garbodor,177,Poison,,80,95,82,60,82,75,5,False
570,Zorua,105,Dark,,40,65,40,80,40,65,5,False
571,Zoroark,165,Dark,,60,105,60,120,60,105,5,False
572,Minccino,90,Normal,,55,50,40,40,40,75,5,False
573,Cinccino,155,Normal,,75,95,60,65,60,115,5,False
574,Gothita,80,Psychic,,45,30,50,55,65,45,5,False
575,Gothorita,115,Psychic,,60,45,70,75,85,55,5,False
576,Gothitelle,150,Psychic,,70,55,95,95,110,65,5,False
577,Solosis,70,Psychic,,45,30,40,105,50,20,5,False
578,Duosion,90,Psychic,,65,40,50,125,60,30,5,False
579,Reuniclus,140,Psychic,,110,65,75,125,85,30,5,False
580,Ducklett,94,Water,Flying,62,44,50,44,50,55,5,False
581,Swanna,150,Water,Flying,75,87,63,87,63,98,5,False
582,Vanillite,100,Ice,,36,50,50,65,60,44,5,False
583,Vanillish,130,Ice,,51,65,65,80,75,59,5,False
584,Vanilluxe,180,Ice,,71,95,85,110,95,79,5,False
585,Deerling,110,Normal,Grass,60,60,50,40,50,75,5,False
586,Sawsbuck,170,Normal,Grass,80,100,70,60,70,95,5,False
587,Emolga,135,Electric,Flying,55,75,60,75,60,103,5,False
588,Karrablast,120,Bug,,50,75,45,40,45,60,5,False
589,Escavalier,240,Bug,Steel,70,135,105,60,105,20,5,False
590,Foongus,100,Grass,Poison,69,55,45,55,55,15,5,False
591,Amoonguss,155,Grass,Poison,114,85,70,85,80,30,5,False
592,Frillish,90,Water,Ghost,55,40,50,65,85,40,5,False
593,Jellicent,130,Water,Ghost,100,60,70,85,105,60,5,False
594,Alomomola,155,Water,,165,75,80,40,45,65,5,False
595,Joltik,97,Bug,Electric,50,47,50,57,50,65,5,False
596,Galvantula,137,Bug,Electric,70,77,60,97,60,108,5,False
597,Ferroseed,141,Grass,Steel,44,50,91,24,86,10,5,False
598,Ferrothorn,225,Grass,Steel,74,94,131,54,116,20,5,False
599,Klink,125,Steel,,40,55,70,45,60,30,5,False
600,Klang,175,Steel,,60,80,95,70,85,50,5,False
601,Klinklang,215,Steel,,60,100,115,70,85,90,5,False
602,Tynamo,95,Electric,,35,55,40,45,40,60,5,False
603,Eelektrik,155,Electric,,65,85,70,75,70,40,5,False
604,Eelektross,195,Electric,,85,115,80,105,80,50,5,False
605,Elgyem,110,Psychic,,55,55,55,85,55,30,5,False
606,Beheeyem,150,Psychic,,75,75,75,125,95,40,5,False
607,Litwick,85,Ghost,Fire,50,30,55,65,55,20,5,False
608,Lampent,100,Ghost,Fire,60,40,60,95,60,55,5,False
609,Chandelure,145,Ghost,Fire,60,55,90,145,90,80,5,False
610,Axew,147,Dragon,,46,87,60,30,40,57,5,False
611,Fraxure,187,Dragon,,66,117,70,40,50,67,5,False
612,Haxorus,237,Dragon,,76,147,90,60,70,97,5,False
613,Cubchoo,110,Ice,,55,70,40,60,40,40,5,False
614,Beartic,190,Ice,,95,110,80,70,80,50,5,False
615,Cryogonal,80,Ice,,70,50,30,95,135,105,5,False
616,Shelmet,125,Bug,,50,40,85,40,65,25,5,False
617,Accelgor,110,Bug,,80,70,40,100,60,145,5,False
618,Stunfisk,150,Ground,Electric,109,66,84,81,99,32,5,False
619,Mienfoo,135,Fighting,,45,85,50,55,50,65,5,False
620,Mienshao,185,Fighting,,65,125,60,95,60,105,5,False
621,Druddigon,210,Dragon,,77,120,90,60,90,48,5,False
622,Golett,124,Ground,Ghost,59,74,50,35,50,35,5,False
623,Golurk,204,Ground,Ghost,89,124,80,55,80,55,5,False
624,Pawniard,155,Dark,Steel,45,85,70,40,40,60,5,False
625,Bisharp,225,Dark,Steel,65,125,100,60,70,70,5,False
626,Bouffalant,205,Normal,,95,110,95,40,95,55,5,False
627,Rufflet,133,Normal,Flying,70,83,50,37,50,60,5,False
628,Braviary,198,Normal,Flying,100,123,75,57,75,80,5,False
629,Vullaby,130,Dark,Flying,70,55,75,45,65,60,5,False
630,Mandibuzz,170,Dark,Flying,110,65,105,55,95,80,5,False
631,Heatmor,163,Fire,,85,97,66,105,66,65,5,False
632,Durant,221,Bug,Steel,58,109,112,48,48,109,5,False
633,Deino,115,Dark,Dragon,52,65,50,45,50,38,5,False
634,Zweilous,155,Dark,Dragon,72,85,70,65,70,58,5,False
635,Hydreigon,195,Dark,Dragon,92,105,90,125,90,98,5,False
636,Larvesta,140,Bug,Fire,55,85,55,50,55,60,5,False
637,Volcarona,125,Bug,Fire,85,60,65,135,105,100,5,False
638,Cobalion,219,Steel,Fighting,91,90,129,90,72,108,5,True
639,Terrakion,219,Rock,Fighting,91,129,90,72,90,108,5,True
640,Virizion,162,Grass,Fighting,91,90,72,90,129,108,5,True
641,TornadusIncarnate Forme,185,Flying,,79,115,70,125,80,111,5,True
641,TornadusTherian Forme,180,Flying,,79,100,80,110,90,121,5,True
642,ThundurusIncarnate Forme,185,Electric,Flying,79,115,70,125,80,111,5,True
642,ThundurusTherian Forme,175,Electric,Flying,79,105,70,145,80,101,5,True
643,Reshiram,220,Dragon,Fire,100,120,100,150,120,90,5,True
644,Zekrom,270,Dragon,Electric,100,150,120,120,100,90,5,True
645,LandorusIncarnate Forme,215,Ground,Flying,89,125,90,115,80,101,5,True
645,LandorusTherian Forme,235,Ground,Flying,89,145,90,105,80,91,5,True
646,Kyurem,220,Dragon,Ice,125,130,90,130,90,95,5,True
646,KyuremBlack Kyurem,270,Dragon,Ice,125,170,100,120,90,95,5,True
646,KyuremWhite Kyurem,210,Dragon,Ice,125,120,90,170,100,95,5,True
647,KeldeoOrdinary Forme,162,Water,Fighting,91,72,90,129,90,108,5,False
647,KeldeoResolute Forme,162,Water,Fighting,91,72,90,129,90,108,5,False
648,MeloettaAria Forme,154,Normal,Psychic,100,77,77,128,128,90,5,False
648,MeloettaPirouette Forme,218,Normal,Fighting,100,128,90,77,77,128,5,False
649,Genesect,215,Bug,Steel,71,120,95,120,95,99,5,False
650,Chespin,126,Grass,,56,61,65,48,45,38,6,False
651,Quilladin,173,Grass,,61,78,95,56,58,57,6,False
652,Chesnaught,229,Grass,Fighting,88,107,122,74,75,64,6,False
653,Fennekin,85,Fire,,40,45,40,62,60,60,6,False
654,Braixen,117,Fire,,59,59,58,90,70,73,6,False
655,Delphox,141,Fire,Psychic,75,69,72,114,100,104,6,False
656,Froakie,96,Water,,41,56,40,62,44,71,6,False
657,Frogadier,115,Water,,54,63,52,83,56,97,6,False
658,Greninja,162,Water,Dark,72,95,67,103,71,122,6,False
659,Bunnelby,74,Normal,,38,36,38,32,36,57,6,False
660,Diggersby,133,Normal,Ground,85,56,77,50,77,78,6,False
661,Fletchling,93,Normal,Flying,45,50,43,40,38,62,6,False
662,Fletchinder,128,Fire,Flying,62,73,55,56,52,84,6,False
663,Talonflame,152,Fire,Flying,78,81,71,74,69,126,6,False
664,Scatterbug,75,Bug,,38,35,40,27,25,35,6,False
665,Spewpa,82,Bug,,45,22,60,27,30,29,6,False
666,Vivillon,102,Bug,Flying,80,52,50,90,50,89,6,False
667,Litleo,108,Fire,Normal,62,50,58,73,54,72,6,False
668,Pyroar,140,Fire,Normal,86,68,72,109,66,106,6,False
669,Flabébé,77,Fairy,,44,38,39,61,79,42,6,False
670,Floette,92,Fairy,,54,45,47,75,98,52,6,False
671,Florges,133,Fairy,,78,65,68,112,154,75,6,False
672,Skiddo,113,Grass,,66,65,48,62,57,52,6,False
673,Gogoat,162,Grass,,123,100,62,97,81,68,6,False
674,Pancham,144,Fighting,,67,82,62,46,48,43,6,False
675,Pangoro,202,Fighting,Dark,95,124,78,69,71,58,6,False
676,Furfrou,140,Normal,,75,80,60,65,90,102,6,False
677,Espurr,102,Psychic,,62,48,54,63,60,68,6,False
678,MeowsticMale,124,Psychic,,74,48,76,83,81,104,6,False
678,MeowsticFemale,124,Psychic,,74,48,76,83,81,104,6,False
679,Honedge,180,Steel,Ghost,45,80,100,35,37,28,6,False
680,Doublade,260,Steel,Ghost,59,110,150,45,49,35,6,False
681,AegislashBlade Forme,200,Steel,Ghost,60,150,50,150,50,60,6,False
681,AegislashShield Forme,200,Steel,Ghost,60,50,150,50,150,60,6,False
682,Spritzee,112,Fairy,,78,52,60,63,65,23,6,False
683,Aromatisse,144,Fairy,,101,72,72,99,89,29,6,False
684,Swirlix,114,Fairy,,62,48,66,59,57,49,6,False
685,Slurpuff,166,Fairy,,82,80,86,85,75,72,6,False
686,Inkay,107,Dark,Psychic,53,54,53,37,46,45,6,False
687,Malamar,180,Dark,Psychic,86,92,88,68,75,73,6,False
688,Binacle,119,Rock,Water,42,52,67,39,56,50,6,False
689,Barbaracle,220,Rock,Water,72,105,115,54,86,68,6,False
690,Skrelp,120,Poison,Water,50,60,60,60,60,30,6,False
691,Dragalge,165,Poison,Dragon,65,75,90,97,123,44,6,False
692,Clauncher,115,Water,,50,53,62,58,63,44,6,False
693,Clawitzer,161,Water,,71,73,88,120,89,59,6,False
694,Helioptile,71,Electric,Normal,44,38,33,61,43,70,6,False
695,Heliolisk,107,Electric,Normal,62,55,52,109,94,109,6,False
696,Tyrunt,166,Rock,Dragon,58,89,77,45,45,48,6,False
697,Tyrantrum,240,Rock,Dragon,82,121,119,69,59,71,6,False
698,Amaura,109,Rock,Ice,77,59,50,67,63,46,6,False
699,Aurorus,149,Rock,Ice,123,77,72,99,92,58,6,False
700,Sylveon,130,Fairy,,95,65,65,110,130,60,6,False
701,Hawlucha,167,Fighting,Flying,78,92,75,74,63,118,6,False
702,Dedenne,115,Electric,Fairy,67,58,57,81,67,101,6,False
703,Carbink,200,Rock,Fairy,50,50,150,50,150,50,6,False
704,Goomy,85,Dragon,,45,50,35,55,75,40,6,False
705,Sliggoo,128,Dragon,,68,75,53,83,113,60,6,False
706,Goodra,170,Dragon,,90,100,70,110,150,80,6,False
707,Klefki,171,Steel,Fairy,57,80,91,80,87,75,6,False
708,Phantump,118,Ghost,Grass,43,70,48,50,60,38,6,False
709,Trevenant,186,Ghost,Grass,85,110,76,65,82,56,6,False
710,PumpkabooAverage Size,136,Ghost,Grass,49,66,70,44,55,51,6,False
710,PumpkabooSmall Size,136,Ghost,Grass,44,66,70,44,55,56,6,False
710,PumpkabooLarge Size,136,Ghost,Grass,54,66,70,44,55,46,6,False
710,PumpkabooSuper Size,136,Ghost,Grass,59,66,70,44,55,41,6,False
711,GourgeistAverage Size,212,Ghost,Grass,65,90,122,58,75,84,6,False
711,GourgeistSmall Size,207,Ghost,Grass,55,85,122,58,75,99,6,False
711,GourgeistLarge Size,217,Ghost,Grass,75,95,122,58,75,69,6,False
711,GourgeistSuper Size,222,Ghost,Grass,85,100,122,58,75,54,6,False
712,Bergmite,154,Ice,,55,69,85,32,35,28,6,False
713,Avalugg,301,Ice,,95,117,184,44,46,28,6,False
714,Noibat,65,Flying,Dragon,40,30,35,45,40,55,6,False
715,Noivern,150,Flying,Dragon,85,70,80,97,80,123,6,False
716,Xerneas,226,Fairy,,126,131,95,131,98,99,6,True
717,Yveltal,226,Dark,Flying,126,131,95,131,98,99,6,True
718,Zygarde50% Forme,221,Dragon,Ground,108,100,121,81,95,95,6,True
719,Diancie,250,Rock,Fairy,50,100,150,100,150,50,6,True
719,DiancieMega Diancie,270,Rock,Fairy,50,160,110,160,110,110,6,True
720,HoopaHoopa Confined,170,Psychic,Ghost,80,110,60,150,130,70,6,True
720,HoopaHoopa Unbound,220,Psychic,Dark,80,160,60,170,130,80,6,True
721,Volcanion,230,Fire,Water,80,110,120,130,90,70,6,True
